Designator,Device,Footprint,Mid X,Mid Y,Ref X,Ref Y,Pad X,Pad Y,Pins,Layer,Rotation,SMD,Comment,Value,Type,Supplier,Datasheet
U1,ESP32-C3FH4X,QFN-32-1EP_5x5mm_P0.5mm_EP3.45x3.45mm,17.2mm,-18mm,17.2mm,-18mm,14.762mm,-16.25mm,33,T,0,Yes,ESP32-C3FH4X,,,,
C1,100nF,R_0402_1005Metric,15.75mm,-23.25mm,15.75mm,-23.25mm,15.24mm,-23.25mm,2,T,0,Yes,100nF,,,,
C2,100nF,R_0402_1005Metric,21.25mm,-20.25mm,21.25mm,-20.25mm,21.25mm,-19.74mm,2,T,270,Yes,100nF,,,,
C3,1uF,R_0402_1005Metric,21.25mm,-18.25mm,21.25mm,-18.25mm,21.25mm,-17.74mm,2,T,270,Yes,1uF,,,,
C4,1uF,R_0402_1005Metric,13.1mm,-14.1mm,13.1mm,-14.1mm,13.61mm,-14.1mm,2,T,180,Yes,1uF,,,,
C5,10nF,R_0402_1005Metric,15mm,-14.1mm,15mm,-14.1mm,14.49mm,-14.1mm,2,T,0,Yes,10nF,,,,
C6,10uF 10V X5R,R_0603_1608Metric,11.25mm,-13.25mm,11.25mm,-13.25mm,11.25mm,-12.425mm,2,T,270,Yes,10uF 10V X5R,,,,
C7,100nF,R_0402_1005Metric,14.25mm,-11.25mm,14.25mm,-11.25mm,13.74mm,-11.25mm,2,T,0,Yes,100nF,,,,
C8,1uF,R_0402_1005Metric,12.1mm,-17.6mm,12.1mm,-17.6mm,12.61mm,-17.6mm,2,T,180,Yes,1uF,,,,
C9,15pF C0G,R_0402_1005Metric,14.3mm,-12.7mm,14.3mm,-12.7mm,14.81mm,-12.7mm,2,T,180,Yes,15pF C0G,,,,
C10,15pF C0G,R_0402_1005Metric,20mm,-12.5mm,20mm,-12.5mm,19.49mm,-12.5mm,2,T,0,Yes,15pF C0G,,,,
C11,1uF,R_0402_1005Metric,12.25mm,-10.75mm,12.25mm,-10.75mm,11.74mm,-10.75mm,2,T,0,Yes,1uF,,,,
C14,10uF 10V X5R,R_0603_1608Metric,28.75mm,-5.75mm,28.75mm,-5.75mm,27.925mm,-5.75mm,2,T,0,Yes,10uF 10V X5R,,,,
C15,100nF,R_0402_1005Metric,26.25mm,-5.75mm,26.25mm,-5.75mm,26.25mm,-5.24mm,2,T,270,Yes,100nF,,,,
C16,100nF,R_0402_1005Metric,31.25mm,-8.75mm,31.25mm,-8.75mm,31.25mm,-8.24mm,2,T,270,Yes,100nF,,,,
C17,22uF 10V X5R,R_0805_2012Metric,24.75mm,-13.75mm,24.75mm,-13.75mm,24.75mm,-12.837mm,2,T,270,Yes,22uF 10V X5R,,,,
C18,22uF 10V X5R,R_0805_2012Metric,26.75mm,-17.25mm,26.75mm,-17.25mm,26.75mm,-16.337mm,2,T,270,Yes,22uF 10V X5R,,,,
C19,1uF,R_0402_1005Metric,24.25mm,-24.75mm,24.25mm,-24.75mm,23.74mm,-24.75mm,2,T,0,Yes,1uF,,,,
C20,1uF,R_0402_1005Metric,22.25mm,-25.25mm,22.25mm,-25.25mm,21.74mm,-25.25mm,2,T,0,Yes,1uF,,,,
C21,100nF,R_0402_1005Metric,19.75mm,-25.25mm,19.75mm,-25.25mm,19.24mm,-25.25mm,2,T,0,Yes,100nF,,,,
C22,1uF,R_0402_1005Metric,22.75mm,-23.75mm,22.75mm,-23.75mm,22.75mm,-23.24mm,2,T,270,Yes,1uF,,,,
C23,1uF,R_0402_1005Metric,24.75mm,-23.25mm,24.75mm,-23.25mm,24.24mm,-23.25mm,2,T,0,Yes,1uF,,,,
C24,4.7nF,R_0402_1005Metric,21.75mm,-22.25mm,21.75mm,-22.25mm,21.24mm,-22.25mm,2,T,0,Yes,4.7nF,,,,
C25,2.2nF,R_0402_1005Metric,18.25mm,-24.75mm,18.25mm,-24.75mm,18.25mm,-24.24mm,2,T,270,Yes,2.2nF,,,,
C26,1nF,R_0402_1005Metric,22.75mm,-17.25mm,22.75mm,-17.25mm,22.24mm,-17.25mm,2,T,0,Yes,1nF,,,,
C27,4.7nF,R_0402_1005Metric,16.25mm,-28.25mm,16.25mm,-28.25mm,16.25mm,-27.74mm,2,T,270,Yes,4.7nF,,,,
C28,2.2nF,R_0402_1005Metric,14.75mm,-27.75mm,14.75mm,-27.75mm,14.75mm,-27.24mm,2,T,270,Yes,2.2nF,,,,
C29,1nF,R_0402_1005Metric,21.25mm,-16.25mm,21.25mm,-16.25mm,21.25mm,-15.74mm,2,T,270,Yes,1nF,,,,
C30,100nF,R_0402_1005Metric,32.25mm,-15.25mm,32.25mm,-15.25mm,31.74mm,-15.25mm,2,T,0,Yes,100nF,,,,
C31,100nF,R_0402_1005Metric,31.75mm,-13.75mm,31.75mm,-13.75mm,31.75mm,-13.24mm,2,T,270,Yes,100nF,,,,
C32,1uF,R_0402_1005Metric,14.25mm,-24.75mm,14.25mm,-24.75mm,14.25mm,-24.24mm,2,T,270,Yes,1uF,,,,
C33,100nF,R_0402_1005Metric,21.25mm,-14.25mm,21.25mm,-14.25mm,21.25mm,-13.74mm,2,T,270,Yes,100nF,,,,
C34,10uF 10V X5R,R_0603_1608Metric,27.25mm,-24.75mm,27.25mm,-24.75mm,26.425mm,-24.75mm,2,T,0,Yes,10uF 10V X5R,,,,
C35,10uF 10V X5R,R_0603_1608Metric,7.25mm,-21.25mm,7.25mm,-21.25mm,7.25mm,-20.425mm,2,T,270,Yes,10uF 10V X5R,,,,
C36,100nF,R_0402_1005Metric,11.25mm,-26.25mm,11.25mm,-26.25mm,11.25mm,-25.74mm,2,T,270,Yes,100nF,,,,
C37,22pF C0G,R_0402_1005Metric,7.25mm,-24.25mm,7.25mm,-24.25mm,7.25mm,-23.74mm,2,T,270,Yes,22pF C0G,,,,
C38,4.7uF 10V X5R,R_0603_1608Metric,1.75mm,-17.25mm,1.75mm,-17.25mm,1.75mm,-16.425mm,2,T,270,Yes,4.7uF 10V X5R,,,,
C39,15pF C0G,R_0402_1005Metric,3.75mm,-16.75mm,3.75mm,-16.75mm,3.24mm,-16.75mm,2,T,0,Yes,15pF C0G,,,,
C40,100nF,R_0402_1005Metric,13.25mm,-22.75mm,13.25mm,-22.75mm,13.25mm,-22.24mm,2,T,270,Yes,100nF,,,,
C41,4.7uF 10V X5R,R_0603_1608Metric,12.25mm,-28.25mm,12.25mm,-28.25mm,11.425mm,-28.25mm,2,T,0,Yes,4.7uF 10V X5R,,,,
C43,100nF,R_0402_1005Metric,2.75mm,-5.75mm,2.75mm,-5.75mm,2.75mm,-5.24mm,2,T,270,Yes,100nF,,,,
C44,100nF,R_0402_1005Metric,7.75mm,-5.75mm,7.75mm,-5.75mm,7.24mm,-5.75mm,2,T,0,Yes,100nF,,,,
C45,100nF,R_0402_1005Metric,29.25mm,-3.75mm,29.25mm,-3.75mm,29.25mm,-3.24mm,2,T,270,Yes,100nF,,,,
C46,100nF,R_0402_1005Metric,31.25mm,-5.75mm,31.25mm,-5.75mm,31.25mm,-5.24mm,2,T,270,Yes,100nF,,,,
D1,USBLC6-2SC6,SOT-23-6,21.3mm,-9mm,21.3mm,-9mm,20.162mm,-8.05mm,6,T,0,Yes,USB ESD,,,,
D2,BAT54WS,D_SOD-323,22.6mm,-27.5mm,22.6mm,-27.5mm,22.6mm,-26.45mm,2,T,270,Yes,Reset clamp,,,,
J1,USB4110-GF-A,GCT_USB4110_GF_A,17.15mm,-4.103mm,17.15mm,1mm,20.35mm,-6.355mm,16,T,180,Yes,USB-C USB2 all-SMT,,,,
J2,52435-2471,Molex_52435_2471,17.15mm,-31.613mm,17.15mm,-30.5mm,11.4mm,-30.1mm,28,T,0,Yes,LCD top-contact FPC24 0.5mm,,,,
J3,SM02B-SRSS-TB(LF)(SN),JST_SH_SM02B-SRSS-TB_1x02-1MP_P1.00mm_Horizontal,3.213mm,-25.9mm,3.15mm,-25.9mm,5.15mm,-25.4mm,4,T,270,Yes,Electret microphone,,,,
J4,SM02B-SRSS-TB(LF)(SN),JST_SH_SM02B-SRSS-TB_1x02-1MP_P1.00mm_Horizontal,31.087mm,-34mm,31.15mm,-34mm,29.15mm,-34.5mm,4,T,90,Yes,Speaker 8R >=1W,,,,
J5,SM04B-SRSS-TB(LF)(SN),JST_SH_SM04B-SRSS-TB_1x04-1MP_P1.00mm_Horizontal,3.213mm,-32.8mm,3.15mm,-32.8mm,5.15mm,-31.3mm,6,T,270,Yes,Wake expansion,,,,
J6,U.FL-R-SMT-1(10),U.FL_Hirose_U.FL-R-SMT-1_Vertical,8.388mm,-16.25mm,8.1mm,-16.25mm,9.15mm,-16.25mm,3,T,180,Yes,External 2.4GHz antenna,,,,
L1,2.0nH >=500mA,R_0402_1005Metric,12.75mm,-12.25mm,12.75mm,-12.25mm,12.75mm,-11.74mm,2,T,270,Yes,2.0nH >=500mA,,,,
L2,24nH,R_0402_1005Metric,16.45mm,-13.9mm,16.45mm,-13.9mm,16.45mm,-14.41mm,2,T,90,Yes,24nH,,,,
L3,XAL4030-472MEC,L_Coilcraft_XxL4030,28.5mm,-12.8mm,28.5mm,-12.8mm,28.5mm,-11.615mm,2,T,270,Yes,4.7uH Isat4.6A,,,,
LED1,WS2812B-2020-V6,WS2812B_2020_V6,2.6mm,-2.8mm,2.6mm,-2.8mm,3.515mm,-3.35mm,4,T,0,Yes,WS2812B-2020-V6,,,,
LED2,WS2812B-2020-V6,WS2812B_2020_V6,7.5mm,-2.8mm,7.5mm,-2.8mm,8.415mm,-3.35mm,4,T,0,Yes,WS2812B-2020-V6,,,,
LED3,WS2812B-2020-V6,WS2812B_2020_V6,26.8mm,-2.8mm,26.8mm,-2.8mm,27.715mm,-3.35mm,4,T,0,Yes,WS2812B-2020-V6,,,,
LED4,WS2812B-2020-V6,WS2812B_2020_V6,31.7mm,-2.8mm,31.7mm,-2.8mm,32.615mm,-3.35mm,4,T,0,Yes,WS2812B-2020-V6,,,,
R1,10k,R_0402_1005Metric,14.75mm,-9.75mm,14.75mm,-9.75mm,14.75mm,-9.24mm,2,T,270,Yes,10k,,,,
R2,10k,R_0402_1005Metric,17.75mm,-23.25mm,17.75mm,-23.25mm,17.24mm,-23.25mm,2,T,0,Yes,10k,,,,
R3,10k,R_0402_1005Metric,15.75mm,-24.75mm,15.75mm,-24.75mm,15.24mm,-24.75mm,2,T,0,Yes,10k,,,,
R4,100k,R_0402_1005Metric,12.25mm,-20.25mm,12.25mm,-20.25mm,12.25mm,-19.74mm,2,T,270,Yes,100k,,,,
R5,10k,R_0402_1005Metric,5.25mm,-17.75mm,5.25mm,-17.75mm,5.25mm,-17.24mm,2,T,270,Yes,10k,,,,
R6,10k,R_0402_1005Metric,8.75mm,-22.75mm,8.75mm,-22.75mm,8.75mm,-22.24mm,2,T,270,Yes,10k,,,,
R7,0R RF tuning link,R_0402_1005Metric,12.15mm,-16.25mm,12.15mm,-16.25mm,12.66mm,-16.25mm,2,T,180,Yes,0R RF tuning link,,,,
R8,5.1k 1%,R_0402_1005Metric,9.75mm,-5.25mm,9.75mm,-5.25mm,9.75mm,-4.74mm,2,T,270,Yes,5.1k 1%,,,,
R9,5.1k 1%,R_0402_1005Metric,24.25mm,-4.75mm,24.25mm,-4.75mm,24.25mm,-4.24mm,2,T,270,Yes,5.1k 1%,,,,
R10,22R,R_0402_1005Metric,21.75mm,-11.75mm,21.75mm,-11.75mm,21.75mm,-11.24mm,2,T,270,Yes,22R,,,,
R11,22R,R_0402_1005Metric,24.25mm,-10.75mm,24.25mm,-10.75mm,24.25mm,-10.24mm,2,T,270,Yes,22R,,,,
R12,47k,R_0402_1005Metric,19.75mm,-23.75mm,19.75mm,-23.75mm,19.24mm,-23.75mm,2,T,0,Yes,47k,,,,
R13,10k,R_0402_1005Metric,26.75mm,-23.25mm,26.75mm,-23.25mm,26.24mm,-23.25mm,2,T,0,Yes,10k,,,,
R14,33R 0.5W,R_1210_3225Metric,5mm,-8mm,5mm,-8mm,5mm,-6.538mm,2,T,270,Yes,33R 0.5W,,,,
R15,1k,R_0402_1005Metric,21.25mm,-23.75mm,21.25mm,-23.75mm,21.25mm,-23.24mm,2,T,270,Yes,1k,,,,
R16,1k,R_0402_1005Metric,27.25mm,-21.75mm,27.25mm,-21.75mm,27.25mm,-21.24mm,2,T,270,Yes,1k,,,,
R17,1k,R_0402_1005Metric,24.75mm,-17.25mm,24.75mm,-17.25mm,24.24mm,-17.25mm,2,T,0,Yes,1k,,,,
R18,1k,R_0402_1005Metric,16.25mm,-26.25mm,16.25mm,-26.25mm,16.25mm,-25.74mm,2,T,270,Yes,1k,,,,
R19,1k,R_0402_1005Metric,14.75mm,-26.25mm,14.75mm,-26.25mm,14.24mm,-26.25mm,2,T,0,Yes,1k,,,,
R20,1k,R_0402_1005Metric,22.75mm,-15.75mm,22.75mm,-15.75mm,22.24mm,-15.75mm,2,T,0,Yes,1k,,,,
R21,33k,R_0402_1005Metric,32.25mm,-12.25mm,32.25mm,-12.25mm,31.74mm,-12.25mm,2,T,0,Yes,33k,,,,
R22,33k,R_0402_1005Metric,31.75mm,-10.75mm,31.75mm,-10.75mm,31.75mm,-10.24mm,2,T,270,Yes,33k,,,,
R23,200R,R_0402_1005Metric,10.25mm,-22.25mm,10.25mm,-22.25mm,9.74mm,-22.25mm,2,T,0,Yes,200R,,,,
R24,2.2k,R_0402_1005Metric,10.25mm,-23.75mm,10.25mm,-23.75mm,10.25mm,-23.24mm,2,T,270,Yes,2.2k,,,,
R25,2k,R_0402_1005Metric,8.75mm,-24.75mm,8.75mm,-24.75mm,8.24mm,-24.75mm,2,T,0,Yes,2k,,,,
R26,150k,R_0402_1005Metric,12.75mm,-26.75mm,12.75mm,-26.75mm,12.24mm,-26.75mm,2,T,0,Yes,150k,,,,
R27,100k,R_0402_1005Metric,11.75mm,-24.25mm,11.75mm,-24.25mm,11.24mm,-24.25mm,2,T,0,Yes,100k,,,,
R28,100k,R_0402_1005Metric,11.75mm,-22.75mm,11.75mm,-22.75mm,11.75mm,-22.24mm,2,T,270,Yes,100k,,,,
R29,56k,R_0402_1005Metric,11.75mm,-18.75mm,11.75mm,-18.75mm,11.24mm,-18.75mm,2,T,0,Yes,56k,,,,
R30,10k,R_0402_1005Metric,3.75mm,-18.25mm,3.75mm,-18.25mm,3.24mm,-18.25mm,2,T,0,Yes,10k,,,,
R31,100R,R_0402_1005Metric,2.75mm,-7.75mm,2.75mm,-7.75mm,2.75mm,-7.24mm,2,T,270,Yes,100R,,,,
R32,32.4k 0.1%,R_0402_1005Metric,24.75mm,-9.25mm,24.75mm,-9.25mm,24.24mm,-9.25mm,2,T,0,Yes,32.4k 0.1%,,,,
R33,10k 0.1%,R_0402_1005Metric,22.75mm,-13.25mm,22.75mm,-13.25mm,22.24mm,-13.25mm,2,T,0,Yes,10k 0.1%,,,,
SW1,PTS810 SJM 250 SMTR LFS,SW_SPST_PTS810,30.9mm,-22mm,30.9mm,-22mm,32.975mm,-20.925mm,4,T,0,Yes,BOOT,,,,
SW2,PTS810 SJM 250 SMTR LFS,SW_SPST_PTS810,30.9mm,-18mm,30.9mm,-18mm,32.975mm,-16.925mm,4,T,0,Yes,RESET,,,,
SW3,PTS810 SJM 250 SMTR LFS,SW_SPST_PTS810,3.3mm,-20.8mm,3.3mm,-20.8mm,5.375mm,-19.725mm,4,T,0,Yes,WAKE,,,,
U2,AP63200WU-7,TSOT-23-6,28.2mm,-8.7mm,28.2mm,-8.7mm,27.063mm,-7.75mm,6,T,0,Yes,3.392V buck 2A,,,,
U3,NS4150B,MSOP-8_3x3mm_P0.65mm,30.7mm,-27.7mm,30.7mm,-27.7mm,31.675mm,-25.587mm,8,T,270,Yes,NS4150B,,,,
U4,LMV321IDBVR,SOT-23-5,8.5mm,-27.4mm,8.5mm,-27.4mm,7.363mm,-26.45mm,5,T,0,Yes,LMV321IDBVR,,,,
U5,SN74LVC3G17DCUR,VSSOP-8_2.3x2mm_P0.5mm,19.2mm,-27.5mm,19.2mm,-27.5mm,17.65mm,-26.75mm,8,T,0,Yes,3-channel LCD buffer,,,,
U6,TLV70030DDCR,SOT-23-5,25.8mm,-27.4mm,25.8mm,-27.4mm,24.663mm,-26.45mm,5,T,0,Yes,3.0V LCD LDO,,,,
Y1,FA-20H 40.0000MF10Z-K3,EPSON_FA20H,17.2mm,-11.4mm,17.2mm,-11.4mm,16.35mm,-12.1mm,4,T,0,Yes,40MHz CL10pF +/-10ppm,,,,
