Designator,Value,Manufacturer Part,Footprint,Assembly,Quantity,Procurement specification,Notes
U1,ESP32-C3FH4X,ESP32-C3FH4X,QFN32_5x5_EP,FIT,1,Exact MPN; review substitutions against datasheet,
C1,100nF,,0402,FIT,1,"10V or higher; X7R/X5R unless C0G specified; +/-10% general, C0G +/-5%; verify effective capacitance at DC bias",
C2,100nF,,0402,FIT,1,"10V or higher; X7R/X5R unless C0G specified; +/-10% general, C0G +/-5%; verify effective capacitance at DC bias",
C3,1uF,,0402,FIT,1,"10V or higher; X7R/X5R unless C0G specified; +/-10% general, C0G +/-5%; verify effective capacitance at DC bias",
C4,1uF,,0402,FIT,1,"10V or higher; X7R/X5R unless C0G specified; +/-10% general, C0G +/-5%; verify effective capacitance at DC bias",
C5,10nF,,0402,FIT,1,"10V or higher; X7R/X5R unless C0G specified; +/-10% general, C0G +/-5%; verify effective capacitance at DC bias",
L1,2.0nH >=500mA,,0402,FIT,1,"2.0nH 0402 RF inductor, >=500mA, low DCR; tune RF supply network on prototype",
C6,10uF 10V X5R,,0603,FIT,1,"10V or higher; X7R/X5R unless C0G specified; +/-10% general, C0G +/-5%; verify effective capacitance at DC bias",
C7,100nF,,0402,FIT,1,"10V or higher; X7R/X5R unless C0G specified; +/-10% general, C0G +/-5%; verify effective capacitance at DC bias",
C8,1uF,,0402,FIT,1,"10V or higher; X7R/X5R unless C0G specified; +/-10% general, C0G +/-5%; verify effective capacitance at DC bias",
Y1,40MHz CL10pF +/-10ppm,FA-20H 40.0000MF10Z-K3,Crystal_2520_4P,FIT,1,Exact MPN; review substitutions against datasheet,"Epson 2.5x2.0mm RF reference crystal, CL10pF; initial 15pF loads assume 2.5pF stray. Measure offset."
L2,24nH,,0402,FIT,1,"24nH 0402 high-Q RF inductor, +/-5%; verify crystal startup/frequency",
C9,15pF C0G,,0402,FIT,1,"10V or higher; X7R/X5R unless C0G specified; +/-10% general, C0G +/-5%; verify effective capacitance at DC bias",
C10,15pF C0G,,0402,FIT,1,"10V or higher; X7R/X5R unless C0G specified; +/-10% general, C0G +/-5%; verify effective capacitance at DC bias",
R1,10k,,0402,FIT,1,1% >=0.063W unless tighter tolerance/power shown in Value; footprint must match,
C11,1uF,,0402,FIT,1,"10V or higher; X7R/X5R unless C0G specified; +/-10% general, C0G +/-5%; verify effective capacitance at DC bias",
R2,10k,,0402,FIT,1,1% >=0.063W unless tighter tolerance/power shown in Value; footprint must match,
R3,10k,,0402,FIT,1,1% >=0.063W unless tighter tolerance/power shown in Value; footprint must match,
R4,100k,,0402,FIT,1,1% >=0.063W unless tighter tolerance/power shown in Value; footprint must match,
SW1,BOOT,PTS810 SJM 250 SMTR LFS,SMD_Tactile_2P,FIT,1,Exact MPN; review substitutions against datasheet,Top-actuated C&K PTS810; duplicated pads 1 and 2 per library.
SW2,RESET,PTS810 SJM 250 SMTR LFS,SMD_Tactile_2P,FIT,1,Exact MPN; review substitutions against datasheet,Top-actuated C&K PTS810; duplicated pads 1 and 2 per library.
SW3,WAKE,PTS810 SJM 250 SMTR LFS,SMD_Tactile_2P,FIT,1,Exact MPN; review substitutions against datasheet,Top-actuated C&K PTS810; duplicated pads 1 and 2 per library.
R5,10k,,0402,FIT,1,1% >=0.063W unless tighter tolerance/power shown in Value; footprint must match,
R6,10k,,0402,FIT,1,1% >=0.063W unless tighter tolerance/power shown in Value; footprint must match,
R7,0R RF tuning link,,0402,FIT,1,1% >=0.063W unless tighter tolerance/power shown in Value; footprint must match,Initial bring-up value only; replace with tuned series L after VNA/RF measurements.
C12,DNP RF tuning,,0402,DNP,0,"Do not place; 10V or higher; X7R/X5R unless C0G specified; +/-10% general, C0G +/-5%; verify effective capacitance at DC bias",
C13,DNP RF tuning,,0402,DNP,0,"Do not place; 10V or higher; X7R/X5R unless C0G specified; +/-10% general, C0G +/-5%; verify effective capacitance at DC bias",
J6,External 2.4GHz antenna,U.FL-R-SMT-1(10),U.FL_SMT,FIT,1,Exact MPN; review substitutions against datasheet,"KiCad Hirose footprint: pad 1 signal, both pad 2 lands ground; antenna outside display metal."
J1,USB-C USB2 all-SMT,USB4110-GF-A,USB4110,FIT,1,Exact MPN; review substitutions against datasheet,
R8,5.1k 1%,,0402,FIT,1,1% >=0.063W unless tighter tolerance/power shown in Value; footprint must match,
R9,5.1k 1%,,0402,FIT,1,1% >=0.063W unless tighter tolerance/power shown in Value; footprint must match,
R10,22R,,0402,FIT,1,1% >=0.063W unless tighter tolerance/power shown in Value; footprint must match,
R11,22R,,0402,FIT,1,1% >=0.063W unless tighter tolerance/power shown in Value; footprint must match,
D1,USB ESD,USBLC6-2SC6,SOT23-6,FIT,1,Exact MPN; review substitutions against datasheet,
U2,3.392V buck 2A,AP63200WU-7,TSOT26,FIT,1,Exact MPN; review substitutions against datasheet,0.8V*(1+32.4k/10k)=3.392V. Shared regulated core/RGB/audio rail avoids raw USB overvoltage on 5V-only parts.
R32,32.4k 0.1%,,0402,FIT,1,1% >=0.063W unless tighter tolerance/power shown in Value; footprint must match,
R33,10k 0.1%,,0402,FIT,1,1% >=0.063W unless tighter tolerance/power shown in Value; footprint must match,
C14,10uF 10V X5R,,0603,FIT,1,"10V or higher; X7R/X5R unless C0G specified; +/-10% general, C0G +/-5%; verify effective capacitance at DC bias",
C15,100nF,,0402,FIT,1,"10V or higher; X7R/X5R unless C0G specified; +/-10% general, C0G +/-5%; verify effective capacitance at DC bias",
C16,100nF,,0402,FIT,1,"10V or higher; X7R/X5R unless C0G specified; +/-10% general, C0G +/-5%; verify effective capacitance at DC bias",
L3,4.7uH Isat4.6A,XAL4030-472MEC,Inductor_4x4,FIT,1,Exact MPN; review substitutions against datasheet,
C17,22uF 10V X5R,,0805,FIT,1,"10V or higher; X7R/X5R unless C0G specified; +/-10% general, C0G +/-5%; verify effective capacitance at DC bias",
C18,22uF 10V X5R,,0805,FIT,1,"10V or higher; X7R/X5R unless C0G specified; +/-10% general, C0G +/-5%; verify effective capacitance at DC bias",
U5,3-channel LCD buffer,SN74LVC3G17DCUR,VSSOP8,FIT,1,Exact MPN; review substitutions against datasheet,DCU pin mapping checked against TI SN74LVC3G17 datasheet; 3.0V supply.
U6,3.0V LCD LDO,TLV70030DDCR,SOT23-5,FIT,1,Exact MPN; review substitutions against datasheet,
C19,1uF,,0402,FIT,1,"10V or higher; X7R/X5R unless C0G specified; +/-10% general, C0G +/-5%; verify effective capacitance at DC bias",
C20,1uF,,0402,FIT,1,"10V or higher; X7R/X5R unless C0G specified; +/-10% general, C0G +/-5%; verify effective capacitance at DC bias",
C21,100nF,,0402,FIT,1,"10V or higher; X7R/X5R unless C0G specified; +/-10% general, C0G +/-5%; verify effective capacitance at DC bias",
C22,1uF,,0402,FIT,1,"10V or higher; X7R/X5R unless C0G specified; +/-10% general, C0G +/-5%; verify effective capacitance at DC bias",
R12,47k,,0402,FIT,1,1% >=0.063W unless tighter tolerance/power shown in Value; footprint must match,
R13,10k,,0402,FIT,1,1% >=0.063W unless tighter tolerance/power shown in Value; footprint must match,
C23,1uF,,0402,FIT,1,"10V or higher; X7R/X5R unless C0G specified; +/-10% general, C0G +/-5%; verify effective capacitance at DC bias",
D2,Reset clamp,BAT54WS,SOD323,FIT,1,Exact MPN; review substitutions against datasheet,SOD-323 pin1 cathode to EN; pin2 anode to LCD_RESET_N.
R14,33R 0.5W,,1210,FIT,1,1% >=0.063W unless tighter tolerance/power shown in Value; footprint must match,Backlight <=82mA at 5.5V and 2.8V Vf; nominal about 55mA at 5V/3.2V.
J2,LCD top-contact FPC24 0.5mm,52435-2471,Molex_52435_24P,FIT,1,Exact MPN; review substitutions against datasheet,"Component-face view, mouth toward board bottom. LCD pin n -> J2 pin 25-n. FPC wrap and polarity require physical fit check."
R15,1k,,0402,FIT,1,1% >=0.063W unless tighter tolerance/power shown in Value; footprint must match,
C24,4.7nF,,0402,FIT,1,"10V or higher; X7R/X5R unless C0G specified; +/-10% general, C0G +/-5%; verify effective capacitance at DC bias",
R16,1k,,0402,FIT,1,1% >=0.063W unless tighter tolerance/power shown in Value; footprint must match,
C25,2.2nF,,0402,FIT,1,"10V or higher; X7R/X5R unless C0G specified; +/-10% general, C0G +/-5%; verify effective capacitance at DC bias",
R17,1k,,0402,FIT,1,1% >=0.063W unless tighter tolerance/power shown in Value; footprint must match,
C26,1nF,,0402,FIT,1,"10V or higher; X7R/X5R unless C0G specified; +/-10% general, C0G +/-5%; verify effective capacitance at DC bias",
R18,1k,,0402,FIT,1,1% >=0.063W unless tighter tolerance/power shown in Value; footprint must match,
C27,4.7nF,,0402,FIT,1,"10V or higher; X7R/X5R unless C0G specified; +/-10% general, C0G +/-5%; verify effective capacitance at DC bias",
R19,1k,,0402,FIT,1,1% >=0.063W unless tighter tolerance/power shown in Value; footprint must match,
C28,2.2nF,,0402,FIT,1,"10V or higher; X7R/X5R unless C0G specified; +/-10% general, C0G +/-5%; verify effective capacitance at DC bias",
R20,1k,,0402,FIT,1,1% >=0.063W unless tighter tolerance/power shown in Value; footprint must match,
C29,1nF,,0402,FIT,1,"10V or higher; X7R/X5R unless C0G specified; +/-10% general, C0G +/-5%; verify effective capacitance at DC bias",
C30,100nF,,0402,FIT,1,"10V or higher; X7R/X5R unless C0G specified; +/-10% general, C0G +/-5%; verify effective capacitance at DC bias",
C31,100nF,,0402,FIT,1,"10V or higher; X7R/X5R unless C0G specified; +/-10% general, C0G +/-5%; verify effective capacitance at DC bias",
R21,33k,,0402,FIT,1,1% >=0.063W unless tighter tolerance/power shown in Value; footprint must match,
R22,33k,,0402,FIT,1,1% >=0.063W unless tighter tolerance/power shown in Value; footprint must match,
U3,NS4150B,NS4150B,MSOP8,FIT,1,Exact MPN; review substitutions against datasheet,
C32,1uF,,0402,FIT,1,"10V or higher; X7R/X5R unless C0G specified; +/-10% general, C0G +/-5%; verify effective capacitance at DC bias",
C33,100nF,,0402,FIT,1,"10V or higher; X7R/X5R unless C0G specified; +/-10% general, C0G +/-5%; verify effective capacitance at DC bias",
C34,10uF 10V X5R,,0603,FIT,1,"10V or higher; X7R/X5R unless C0G specified; +/-10% general, C0G +/-5%; verify effective capacitance at DC bias",
J4,Speaker 8R >=1W,SM02B-SRSS-TB(LF)(SN),JST_SH_2_RA,FIT,1,Exact MPN; review substitutions against datasheet,Floating BTL output: neither terminal is ground. Limit firmware volume.
R23,200R,,0402,FIT,1,1% >=0.063W unless tighter tolerance/power shown in Value; footprint must match,
C35,10uF 10V X5R,,0603,FIT,1,"10V or higher; X7R/X5R unless C0G specified; +/-10% general, C0G +/-5%; verify effective capacitance at DC bias",
C36,100nF,,0402,FIT,1,"10V or higher; X7R/X5R unless C0G specified; +/-10% general, C0G +/-5%; verify effective capacitance at DC bias",
J3,Electret microphone,SM02B-SRSS-TB(LF)(SN),JST_SH_2_RA,FIT,1,Exact MPN; review substitutions against datasheet,
R24,2.2k,,0402,FIT,1,1% >=0.063W unless tighter tolerance/power shown in Value; footprint must match,
C37,22pF C0G,,0402,FIT,1,"10V or higher; X7R/X5R unless C0G specified; +/-10% general, C0G +/-5%; verify effective capacitance at DC bias",
C38,4.7uF 10V X5R,,0603,FIT,1,"10V or higher; X7R/X5R unless C0G specified; +/-10% general, C0G +/-5%; verify effective capacitance at DC bias",
R25,2k,,0402,FIT,1,1% >=0.063W unless tighter tolerance/power shown in Value; footprint must match,
U4,LMV321IDBVR,LMV321IDBVR,SOT23-5,FIT,1,Exact MPN; review substitutions against datasheet,
R26,150k,,0402,FIT,1,1% >=0.063W unless tighter tolerance/power shown in Value; footprint must match,
C39,15pF C0G,,0402,FIT,1,"10V or higher; X7R/X5R unless C0G specified; +/-10% general, C0G +/-5%; verify effective capacitance at DC bias",
R27,100k,,0402,FIT,1,1% >=0.063W unless tighter tolerance/power shown in Value; footprint must match,
R28,100k,,0402,FIT,1,1% >=0.063W unless tighter tolerance/power shown in Value; footprint must match,
C40,100nF,,0402,FIT,1,"10V or higher; X7R/X5R unless C0G specified; +/-10% general, C0G +/-5%; verify effective capacitance at DC bias",
C41,4.7uF 10V X5R,,0603,FIT,1,"10V or higher; X7R/X5R unless C0G specified; +/-10% general, C0G +/-5%; verify effective capacitance at DC bias",
R29,56k,,0402,FIT,1,1% >=0.063W unless tighter tolerance/power shown in Value; footprint must match,
R30,10k,,0402,FIT,1,1% >=0.063W unless tighter tolerance/power shown in Value; footprint must match,
R31,100R,,0402,FIT,1,1% >=0.063W unless tighter tolerance/power shown in Value; footprint must match,
LED1,WS2812B-2020-V6,WS2812B-2020-V6,LED_2020_4P,FIT,1,Exact MPN; review substitutions against datasheet,"V6 pinout: 1 DO, 2 GND, 3 DI, 4 VDD. Do not substitute other revisions without review."
C43,100nF,,0402,FIT,1,"10V or higher; X7R/X5R unless C0G specified; +/-10% general, C0G +/-5%; verify effective capacitance at DC bias",
LED2,WS2812B-2020-V6,WS2812B-2020-V6,LED_2020_4P,FIT,1,Exact MPN; review substitutions against datasheet,"V6 pinout: 1 DO, 2 GND, 3 DI, 4 VDD. Do not substitute other revisions without review."
C44,100nF,,0402,FIT,1,"10V or higher; X7R/X5R unless C0G specified; +/-10% general, C0G +/-5%; verify effective capacitance at DC bias",
LED3,WS2812B-2020-V6,WS2812B-2020-V6,LED_2020_4P,FIT,1,Exact MPN; review substitutions against datasheet,"V6 pinout: 1 DO, 2 GND, 3 DI, 4 VDD. Do not substitute other revisions without review."
C45,100nF,,0402,FIT,1,"10V or higher; X7R/X5R unless C0G specified; +/-10% general, C0G +/-5%; verify effective capacitance at DC bias",
LED4,WS2812B-2020-V6,WS2812B-2020-V6,LED_2020_4P,FIT,1,Exact MPN; review substitutions against datasheet,"V6 pinout: 1 DO, 2 GND, 3 DI, 4 VDD. Do not substitute other revisions without review."
C46,100nF,,0402,FIT,1,"10V or higher; X7R/X5R unless C0G specified; +/-10% general, C0G +/-5%; verify effective capacitance at DC bias",
J5,Wake expansion,SM04B-SRSS-TB(LF)(SN),JST_SH_4_RA,FIT,1,Exact MPN; review substitutions against datasheet,Signal pins are 3.3V only; matches original logical pin order.
TP1,GND,,TestPad_1mm,BARE_TEST_PAD,0,Do not place; ,
TP2,+3V4,,TestPad_1mm,BARE_TEST_PAD,0,Do not place; ,
TP3,VBUS,,TestPad_1mm,BARE_TEST_PAD,0,Do not place; ,
TP4,UART_TX,,TestPad_1mm,BARE_TEST_PAD,0,Do not place; ,
TP5,UART_RX,,TestPad_1mm,BARE_TEST_PAD,0,Do not place; ,
TP6,EN,,TestPad_1mm,BARE_TEST_PAD,0,Do not place; ,
