reference,value,mpn,footprint_intent,fitted,note
U1,ESP32-C3FH4X,ESP32-C3FH4X,QFN32_5x5_EP,True,
C1,100nF,,0402,True,
C2,100nF,,0402,True,
C3,1uF,,0402,True,
C4,1uF,,0402,True,
C5,10nF,,0402,True,
L1,2.0nH >=500mA,,0402,True,
C6,10uF 10V X5R,,0603,True,
C7,100nF,,0402,True,
C8,1uF,,0402,True,
Y1,40MHz CL10pF +/-10ppm,FA-20H 40.0000MF10Z-K3,Crystal_2520_4P,True,"Epson 2.5x2.0mm RF reference crystal, CL10pF; initial 15pF loads assume 2.5pF stray. Measure offset."
L2,24nH,,0402,True,
C9,15pF C0G,,0402,True,
C10,15pF C0G,,0402,True,
R1,10k,,0402,True,
C11,1uF,,0402,True,
R2,10k,,0402,True,
R3,10k,,0402,True,
R4,100k,,0402,True,
SW1,BOOT,PTS810 SJM 250 SMTR LFS,SMD_Tactile_2P,True,Top-actuated C&K PTS810; duplicated pads 1 and 2 per library.
SW2,RESET,PTS810 SJM 250 SMTR LFS,SMD_Tactile_2P,True,Top-actuated C&K PTS810; duplicated pads 1 and 2 per library.
SW3,WAKE,PTS810 SJM 250 SMTR LFS,SMD_Tactile_2P,True,Top-actuated C&K PTS810; duplicated pads 1 and 2 per library.
R5,10k,,0402,True,
R6,10k,,0402,True,
R7,0R RF tuning link,,0402,True,Initial bring-up value only; replace with tuned series L after VNA/RF measurements.
C12,DNP RF tuning,,0402,False,
C13,DNP RF tuning,,0402,False,
J6,External 2.4GHz antenna,U.FL-R-SMT-1(10),U.FL_SMT,True,"KiCad Hirose footprint: pad 1 signal, both pad 2 lands ground; antenna outside display metal."
J1,USB-C USB2 all-SMT,USB4110-GF-A,USB4110,True,
R8,5.1k 1%,,0402,True,
R9,5.1k 1%,,0402,True,
R10,22R,,0402,True,
R11,22R,,0402,True,
D1,USB ESD,USBLC6-2SC6,SOT23-6,True,
U2,3.392V buck 2A,AP63200WU-7,TSOT26,True,0.8V*(1+32.4k/10k)=3.392V. Shared regulated core/RGB/audio rail avoids raw USB overvoltage on 5V-only parts.
R32,32.4k 0.1%,,0402,True,
R33,10k 0.1%,,0402,True,
C14,10uF 10V X5R,,0603,True,
C15,100nF,,0402,True,
C16,100nF,,0402,True,
L3,4.7uH Isat4.6A,XAL4030-472MEC,Inductor_4x4,True,
C17,22uF 10V X5R,,0805,True,
C18,22uF 10V X5R,,0805,True,
U5,3-channel LCD buffer,SN74LVC3G17DCUR,VSSOP8,True,Check DCU pin table before finalizing.
U6,3.0V LCD LDO,TLV70030DDCR,SOT23-5,True,
C19,1uF,,0402,True,
C20,1uF,,0402,True,
C21,100nF,,0402,True,
C22,1uF,,0402,True,
R12,47k,,0402,True,
R13,10k,,0402,True,
C23,1uF,,0402,True,
D2,Reset clamp,BAT54WS,SOD323,True,Cathode to EN; anode to LCD_RESET_N. Verify library numbering.
R14,33R 0.5W,,1210,True,Backlight <=82mA at 5.5V and 2.8V Vf; nominal about 55mA at 5V/3.2V.
J2,LCD top-contact FPC24 0.5mm,52435-2471,Molex_52435_24P,True,"Component-face view, mouth toward board bottom. LCD pin n -> J2 pin 25-n. FPC wrap and polarity require physical fit check."
R15,1k,,0402,True,
C24,4.7nF,,0402,True,
R16,1k,,0402,True,
C25,2.2nF,,0402,True,
R17,1k,,0402,True,
C26,1nF,,0402,True,
R18,1k,,0402,True,
C27,4.7nF,,0402,True,
R19,1k,,0402,True,
C28,2.2nF,,0402,True,
R20,1k,,0402,True,
C29,1nF,,0402,True,
C30,100nF,,0402,True,
C31,100nF,,0402,True,
R21,33k,,0402,True,
R22,33k,,0402,True,
U3,NS4150B,NS4150B,MSOP8,True,
C32,1uF,,0402,True,
C33,100nF,,0402,True,
C34,10uF 10V X5R,,0603,True,
J4,Speaker 8R >=1W,SM02B-SRSS-TB(LF)(SN),JST_SH_2_RA,True,Floating BTL output: neither terminal is ground. Limit firmware volume.
R23,200R,,0402,True,
C35,10uF 10V X5R,,0603,True,
C36,100nF,,0402,True,
J3,Electret microphone,SM02B-SRSS-TB(LF)(SN),JST_SH_2_RA,True,
R24,2.2k,,0402,True,
C37,22pF C0G,,0402,True,
C38,4.7uF 10V X5R,,0603,True,
R25,2k,,0402,True,
U4,LMV321IDBVR,LMV321IDBVR,SOT23-5,True,
R26,150k,,0402,True,
C39,15pF C0G,,0402,True,
R27,100k,,0402,True,
R28,100k,,0402,True,
C40,100nF,,0402,True,
C41,4.7uF 10V X5R,,0603,True,
R29,56k,,0402,True,
R30,10k,,0402,True,
R31,100R,,0402,True,
LED1,WS2812B-2020-V6,WS2812B-2020-V6,LED_2020_4P,True,"V6 pinout: 1 DO, 2 GND, 3 DI, 4 VDD. Do not substitute other revisions without review."
C43,100nF,,0402,True,
LED2,WS2812B-2020-V6,WS2812B-2020-V6,LED_2020_4P,True,"V6 pinout: 1 DO, 2 GND, 3 DI, 4 VDD. Do not substitute other revisions without review."
C44,100nF,,0402,True,
LED3,WS2812B-2020-V6,WS2812B-2020-V6,LED_2020_4P,True,"V6 pinout: 1 DO, 2 GND, 3 DI, 4 VDD. Do not substitute other revisions without review."
C45,100nF,,0402,True,
LED4,WS2812B-2020-V6,WS2812B-2020-V6,LED_2020_4P,True,"V6 pinout: 1 DO, 2 GND, 3 DI, 4 VDD. Do not substitute other revisions without review."
C46,100nF,,0402,True,
J5,Wake expansion,SM04B-SRSS-TB(LF)(SN),JST_SH_4_RA,True,Signal pins are 3.3V only; matches original logical pin order.
TP1,GND,,TestPad_1mm,True,
TP2,+3V4,,TestPad_1mm,True,
TP3,VBUS,,TestPad_1mm,True,
TP4,UART_TX,,TestPad_1mm,True,
TP5,UART_RX,,TestPad_1mm,True,
TP6,EN,,TestPad_1mm,True,
