reference,pin,net,block
U1,1,RF_CHIP,core
U1,2,RF_3V4,core
U1,3,RF_3V4,core
U1,4,WAKE_MOVE,core
U1,5,WAKE_AUDIO,core
U1,6,MIC_ADC,core
U1,7,EN,core
U1,8,PA_EN,core
U1,9,LCD_MOSI,core
U1,10,LCD_SCLK,core
U1,11,+3V4,core
U1,12,PDM_P,core
U1,13,PDM_N,core
U1,14,RGB_3V4,core
U1,15,BOOT_N,core
U1,16,LCD_DC,core
U1,17,+3V4,core
U1,18,VDD_SPI,core
U1,19,NC,core
U1,20,NC,core
U1,21,NC,core
U1,22,NC,core
U1,23,NC,core
U1,24,NC,core
U1,25,USB_DM_MCU,core
U1,26,USB_DP_MCU,core
U1,27,UART_RX,core
U1,28,UART_TX,core
U1,29,XTAL_N,core
U1,30,XTAL_P,core
U1,31,+3V4,core
U1,32,+3V4,core
U1,33,GND,core
C1,1,+3V4,core
C1,2,GND,core
C2,1,+3V4,core
C2,2,GND,core
C3,1,VDD_SPI,core
C3,2,GND,core
C4,1,+3V4,core
C4,2,GND,core
C5,1,+3V4,core
C5,2,GND,core
L1,1,+3V4,core
L1,2,RF_3V4,core
C6,1,+3V4,core
C6,2,GND,core
C7,1,+3V4,core
C7,2,GND,core
C8,1,RF_3V4,core
C8,2,GND,core
Y1,1,XTAL_LOAD,core
Y1,2,GND,core
Y1,3,XTAL_N,core
Y1,4,GND,core
L2,1,XTAL_P,core
L2,2,XTAL_LOAD,core
C9,1,XTAL_LOAD,core
C9,2,GND,core
C10,1,XTAL_N,core
C10,2,GND,core
R1,1,+3V4,core
R1,2,EN,core
C11,1,EN,core
C11,2,GND,core
R2,1,+3V4,core
R2,2,BOOT_N,core
R3,1,+3V4,core
R3,2,RGB_3V4,core
R4,1,PA_EN,core
R4,2,GND,core
SW1,1,BOOT_N,io
SW1,2,GND,io
SW2,1,EN,io
SW2,2,GND,io
SW3,1,WAKE_MOVE,io
SW3,2,GND,io
R5,1,+3V4,io
R5,2,WAKE_MOVE,io
R6,1,+3V4,io
R6,2,WAKE_AUDIO,io
R7,1,RF_CHIP,rf
R7,2,RF_50,rf
C12,1,RF_CHIP,rf
C12,2,GND,rf
C13,1,RF_50,rf
C13,2,GND,rf
J6,1,RF_50,rf
J6,2,GND,rf
J1,A1/B12,GND,power
J1,A4/B9,VBUS,power
J1,B8,NC,power
J1,A5,CC1,power
J1,B7,USB_DM,power
J1,A6,USB_DP,power
J1,A7,USB_DM,power
J1,B6,USB_DP,power
J1,A8,NC,power
J1,B5,CC2,power
J1,A9/B4,VBUS,power
J1,A12/B1,GND,power
J1,S1,GND,power
J1,S2,GND,power
J1,S3,GND,power
J1,S4,GND,power
R8,1,CC1,power
R8,2,GND,power
R9,1,CC2,power
R9,2,GND,power
R10,1,USB_DM,power
R10,2,USB_DM_MCU,power
R11,1,USB_DP,power
R11,2,USB_DP_MCU,power
D1,1,USB_DM,power
D1,2,GND,power
D1,3,USB_DP,power
D1,4,USB_DP,power
D1,5,VBUS,power
D1,6,USB_DM,power
U2,1,BUCK_FB,power
U2,2,VBUS,power
U2,3,VBUS,power
U2,4,GND,power
U2,5,SW_BUCK,power
U2,6,BST,power
R32,1,+3V4,power
R32,2,BUCK_FB,power
R33,1,BUCK_FB,power
R33,2,GND,power
C14,1,VBUS,power
C14,2,GND,power
C15,1,VBUS,power
C15,2,GND,power
C16,1,BST,power
C16,2,SW_BUCK,power
L3,1,SW_BUCK,power
L3,2,+3V4,power
C17,1,+3V4,power
C17,2,GND,power
C18,1,+3V4,power
C18,2,GND,power
U5,1,LCD_MOSI,display
U5,2,LCD_CLK_3V0,display
U5,3,LCD_DC,display
U5,4,GND,display
U5,5,LCD_DC_3V0,display
U5,6,LCD_SCLK,display
U5,7,LCD_MOSI_3V0,display
U5,8,+3V0_LCD,display
U6,1,+3V4,display
U6,2,GND,display
U6,3,+3V4,display
U6,4,NC,display
U6,5,+3V0_LCD,display
C19,1,+3V4,display
C19,2,GND,display
C20,1,+3V0_LCD,display
C20,2,GND,display
C21,1,+3V0_LCD,display
C21,2,GND,display
C22,1,+3V0_LCD,display
C22,2,GND,display
R12,1,LCD_SCLK,display
R12,2,GND,display
R13,1,+3V0_LCD,display
R13,2,LCD_RESET_N,display
C23,1,LCD_RESET_N,display
C23,2,GND,display
D2,1,EN,display
D2,2,LCD_RESET_N,display
R14,1,VBUS,display
R14,2,LCD_LEDA,display
J2,24,GND,display
J2,23,+3V0_LCD,display
J2,22,+3V0_LCD,display
J2,21,GND,display
J2,20,LCD_RESET_N,display
J2,19,LCD_MOSI_3V0,display
J2,18,GND,display
J2,17,LCD_DC_3V0,display
J2,16,LCD_CLK_3V0,display
J2,15,GND,display
J2,14,+3V0_LCD,display
J2,13,NC,display
J2,12,NC,display
J2,11,NC,display
J2,10,NC,display
J2,9,NC,display
J2,8,LCD_LEDA,display
J2,7,GND,display
J2,6,GND,display
J2,5,GND,display
J2,4,NC,display
J2,3,NC,display
J2,2,NC,display
J2,1,NC,display
J2,MP,GND,display
R15,1,PDM_P,speaker
R15,2,PDM_P_F1,speaker
C24,1,PDM_P_F1,speaker
C24,2,GND,speaker
R16,1,PDM_P_F1,speaker
R16,2,PDM_P_F2,speaker
C25,1,PDM_P_F2,speaker
C25,2,GND,speaker
R17,1,PDM_P_F2,speaker
R17,2,PDM_P_F3,speaker
C26,1,PDM_P_F3,speaker
C26,2,GND,speaker
R18,1,PDM_N,speaker
R18,2,PDM_N_F1,speaker
C27,1,PDM_N_F1,speaker
C27,2,GND,speaker
R19,1,PDM_N_F1,speaker
R19,2,PDM_N_F2,speaker
C28,1,PDM_N_F2,speaker
C28,2,GND,speaker
R20,1,PDM_N_F2,speaker
R20,2,PDM_N_F3,speaker
C29,1,PDM_N_F3,speaker
C29,2,GND,speaker
C30,1,PDM_P_F3,speaker
C30,2,PA_AC_P,speaker
C31,1,PDM_N_F3,speaker
C31,2,PA_AC_N,speaker
R21,1,PA_AC_P,speaker
R21,2,PA_INP,speaker
R22,1,PA_AC_N,speaker
R22,2,PA_INN,speaker
U3,1,PA_EN,speaker
U3,2,PA_BYPASS,speaker
U3,3,PA_INP,speaker
U3,4,PA_INN,speaker
U3,5,SPK_N,speaker
U3,6,+3V4,speaker
U3,7,GND,speaker
U3,8,SPK_P,speaker
C32,1,PA_BYPASS,speaker
C32,2,GND,speaker
C33,1,+3V4,speaker
C33,2,GND,speaker
C34,1,+3V4,speaker
C34,2,GND,speaker
J4,1,SPK_P,speaker
J4,2,SPK_N,speaker
J4,MP,GND,speaker
R23,1,+3V4,mic
R23,2,MIC_3V4,mic
C35,1,MIC_3V4,mic
C35,2,GND,mic
C36,1,+3V4,mic
C36,2,GND,mic
J3,1,MIC_P,mic
J3,2,GND,mic
J3,MP,GND,mic
R24,1,MIC_3V4,mic
R24,2,MIC_P,mic
C37,1,MIC_P,mic
C37,2,GND,mic
C38,1,MIC_P,mic
C38,2,MIC_AC,mic
R25,1,MIC_AC,mic
R25,2,MIC_INV,mic
U4,1,MIC_BIAS,mic
U4,2,GND,mic
U4,3,MIC_INV,mic
U4,4,MIC_OUT,mic
U4,5,+3V4,mic
R26,1,MIC_INV,mic
R26,2,MIC_OUT,mic
C39,1,MIC_INV,mic
C39,2,MIC_OUT,mic
R27,1,+3V4,mic
R27,2,MIC_BIAS,mic
R28,1,MIC_BIAS,mic
R28,2,GND,mic
C40,1,MIC_BIAS,mic
C40,2,GND,mic
C41,1,MIC_OUT,mic
C41,2,MIC_ADC,mic
R29,1,+3V4,mic
R29,2,MIC_ADC,mic
R30,1,MIC_ADC,mic
R30,2,GND,mic
R31,1,RGB_3V4,io
R31,2,RGB_D1,io
LED1,1,RGB_D2,io
LED1,2,GND,io
LED1,3,RGB_D1,io
LED1,4,+3V4,io
C43,1,+3V4,io
C43,2,GND,io
LED2,1,RGB_D3,io
LED2,2,GND,io
LED2,3,RGB_D2,io
LED2,4,+3V4,io
C44,1,+3V4,io
C44,2,GND,io
LED3,1,RGB_D4,io
LED3,2,GND,io
LED3,3,RGB_D3,io
LED3,4,+3V4,io
C45,1,+3V4,io
C45,2,GND,io
LED4,1,NC,io
LED4,2,GND,io
LED4,3,RGB_D4,io
LED4,4,+3V4,io
C46,1,+3V4,io
C46,2,GND,io
J5,1,WAKE_MOVE,io
J5,2,WAKE_AUDIO,io
J5,3,VBUS,io
J5,4,GND,io
J5,MP,GND,io
TP1,1,GND,io
TP2,1,+3V4,io
TP3,1,VBUS,io
TP4,1,UART_TX,io
TP5,1,UART_RX,io
TP6,1,EN,io
